{
    "Raw File Name": "gha_admbndp1_1m_gaul.zip", 
    "Group": "Ghana", 
    "License": "Only for humanitarian actors", 
    "country": "Ghana", 
    "Unnamed: 11": null, 
    "Processed File Name": "GHA_ADM0.zip", 
    "timestamp": 1534539067, 
    "Known Errors": null, 
    "datetime": "2018-08-17 16:51:07", 
    "version": "1_3_3", 
    "Unnamed: 12": null, 
    "Source 2": "United Nations Office for the Coordination of Humanitarian Affairs Regional Office for West and Central Africa (ROWCA)", 
    "Source 1": "Global Administrative Unit Layers (GAUL)", 
    "Year": 2015, 
    "iso": "GHA", 
    "adm": "ADM0", 
    "Changes": "No", 
    "Link to Source Data": "https://data.humdata.org/dataset/ghana-administrative-boundaries", 
    "Boundary Level": "ADM 0"
}
